index,farm_identifier,field_shared_name,crop,year,target,row,col,date,time_step,B01,B02,B03,B04,B05,B06,B07,B08,B09,B11,B12,B8A,coord_x,coord_y,coord_z
045e2bc8-b104-4433-9887-f47adb25898b,1,10,corn,2023,2.535000086,0,71,26-10-2022,9,348,456,726,988,1515,2272,2544,2604,2924,2717,1918,2814,0.033214066,0.2740189,0.9611506
aa084299-9291-43fc-9cda-bc157d1aa055,1,10,corn,2023,3.87142849,1,70,26-10-2022,9,350,664,986,1432,1528,2489,2808,2994,3027,2708,1868,3083,0.033251148,0.27410316,0.9611253
4ce7554e-446c-4595-9aa8-cca2d6249978,1,10,corn,2023,2.691111088,1,71,26-10-2022,9,363,772,1116,1696,1673,2342,2589,2800,2944,2923,2125,2871,0.03322409,0.2741051,0.9611257
c06dd051-34c9-4cd8-89b2-78d766cebdfe,1,10,corn,2023,6.388809681,1,72,26-10-2022,9,375,722,1038,1620,1688,2155,2405,2618,2860,2936,2171,2667,0.03319703,0.274107,0.961126
8e2da806-6569-4ba2-bac1-a84a22a7339b,1,10,corn,2023,4.381000042,1,73,26-10-2022,9,387,530,818,1276,1603,2058,2306,2188,2777,2850,2089,2570,0.033169974,0.27410895,0.96112645
cef6381b-8ea6-4c30-a076-4ab2c98bf75d,1,10,corn,2023,4.795454502,2,69,26-10-2022,9,365,488,812,968,1468,2558,2975,3224,3128,2542,1674,3219,0.033288244,0.2741874,0.9611
19693ea7-e126-4601-bb6f-7010e419a6b6,1,10,corn,2023,8.136363983,2,70,26-10-2022,9,379,849,1194,1816,1809,2547,2811,3010,3056,3061,2237,3115,0.03326118,0.27418932,0.96110034
29fc5a38-bb0d-4434-8b4d-297a25423700,1,10,corn,2023,5.219285488,2,71,26-10-2022,9,392,870,1268,1934,1991,2481,2679,2998,2984,3336,2538,2986,0.033234112,0.27419126,0.96110076
a612b793-9940-4aa0-b725-a5e786bd79e9,1,10,corn,2023,4.114999771,2,72,26-10-2022,9,406,816,1188,1852,2014,2359,2579,2872,2912,3369,2578,2831,0.033207048,0.2741932,0.9611011
f9761a94-2576-4eb7-b18a-e5f0e776d764,1,10,corn,2023,6.352280617,2,73,26-10-2022,9,420,756,1064,1712,1939,2258,2488,2592,2841,3306,2517,2721,0.03317998,0.27419513,0.96110153
dba8d656-263f-4d69-856e-f134bf4f65ad,1,10,corn,2023,5.692500114,2,74,26-10-2022,9,434,675,930,1548,1763,2178,2408,2408,2769,3149,2358,2658,0.03315291,0.27419704,0.9611019
44e8b124-14ed-4f12-b114-acfcb8513ca7,1,10,corn,2023,6.889999866,3,69,26-10-2022,9,391,622,1002,1346,1666,2570,2937,3152,3145,2776,1914,3204,0.033298284,0.27427354,0.96107507
5bc2ba22-8d62-4aee-b7a9-c966a336142d,1,10,corn,2023,7.676666737,3,70,26-10-2022,9,407,907,1290,1986,2010,2584,2827,3076,3085,3326,2494,3150,0.033271212,0.27427548,0.9610754
6a1a34f1-2354-488d-a7ee-912fb9ebea8e,1,10,corn,2023,9.904999733,3,71,26-10-2022,9,422,906,1290,1974,2199,2560,2748,3028,3025,3619,2798,3072,0.033244137,0.27427742,0.96107584
3e88858b-d607-46d6-8ca9-9fd5afd98556,1,10,corn,2023,9.805454254,3,72,26-10-2022,9,438,856,1262,1950,2233,2497,2700,2966,2964,3654,2827,2971,0.03321706,0.27427936,0.9610762
16df0df6-3297-4467-889a-3f2116da956a,1,10,corn,2023,8.469230652,3,73,26-10-2022,9,453,861,1262,1960,2183,2418,2630,2920,2904,3613,2789,2878,0.033189986,0.2742813,0.96107656
35bd9d8a-c0dc-48bb-8dc5-d957640f09c9,1,10,corn,2023,5.242765903,3,74,26-10-2022,9,469,850,1216,1904,2048,2321,2538,2858,2843,3496,2683,2794,0.03316291,0.27428323,0.961077
1c549a06-3fc6-4b44-bae3-0719cebf30af,3,117,soybean,2018,2.425555468,1,30,27-09-2017,8,356,1003,1352,1944,2095,2719,3112,3518,3207,3903,2798,3615,0.112616554,0.19501716,0.974313
4426d433-a719-4bdf-80b9-8edecef8fa06,3,117,soybean,2018,2.416428566,2,29,27-09-2017,8,367,766,1108,1464,1810,2677,3111,3316,3237,3566,2472,3514,0.11267999,0.19508338,0.9742924
32694565-0f9a-4182-99d3-3390ead3628b,3,117,soybean,2018,0.683333337,2,31,27-09-2017,8,371,978,1432,2114,2282,2735,3000,3334,3229,4193,3047,3486,0.112640604,0.19510357,0.97429293
3d596a21-b647-4cd6-a5b4-23bd9e69e183,3,117,soybean,2018,3.3307693,3,29,27-09-2017,8,383,838,1254,1838,2003,2719,3083,3416,3271,3882,2752,3512,0.112723745,0.19515969,0.9742721
deb4d9c7-fc6c-4d45-ac14-18bdd5554fd6,3,117,soybean,2018,2.369999886,3,31,27-09-2017,8,380,929,1362,2050,2339,2707,2962,3242,3248,4344,3149,3444,0.11268435,0.19517988,0.97427255
25e88c4a-17a2-44ea-b0a0-f2075dafe730,3,117,soybean,2018,1.123333335,3,32,27-09-2017,8,378,788,1166,1662,1959,2541,2756,2940,3236,3791,2674,3178,0.11266464,0.19518998,0.97427285
878430bd-4f05-4b38-bb75-0269807ded88,3,117,soybean,2018,4.145555496,4,28,27-09-2017,8,392,664,989,1214,1786,2610,2919,3184,3212,3621,2544,3337,0.1127872,0.19522588,0.97425145
dffac46b-3e9b-4524-ac0d-0072dc65d156,3,117,soybean,2018,2.093333244,4,29,27-09-2017,8,400,957,1362,2030,2155,2761,3060,3488,3306,4203,3037,3513,0.112767495,0.19523598,0.9742517
35976331-7b2a-4b67-b31d-b6d14765bf28,3,117,soybean,2018,2.584285736,4,31,27-09-2017,8,390,930,1354,2048,2400,2666,2961,3230,3266,4474,3241,3438,0.11272808,0.1952562,0.9742522
51a16f2e-5ee5-4e07-a4ce-b2b39f9b5247,3,117,soybean,2018,1.596874952,4,32,27-09-2017,8,385,861,1236,1852,2078,2482,2706,3086,3246,3994,2833,3144,0.112708375,0.1952663,0.97425246
92076f08-b133-4a0d-9581-7968887a2330,3,117,soybean,2018,2.448571444,5,28,27-09-2017,8,408,745,1146,1492,1958,2630,2910,3394,3239,3897,2787,3322,0.11283097,0.19530217,0.9742311
6c0eb09b-a70f-492b-b0c6-93d8891c55b3,3,117,soybean,2018,3.266428471,5,31,27-09-2017,8,402,872,1314,2010,2426,2635,2939,3144,3285,4549,3277,3415,0.11277182,0.19533251,0.97423184
73461c83-9608-4d18-b868-f2736ad894c3,3,117,soybean,2018,3.227499962,5,32,27-09-2017,8,395,860,1212,1842,2160,2447,2692,3034,3260,4160,2928,3122,0.1127521,0.19534262,0.97423214
b68a0a8c-8828-4f71-becb-b0403c2d7ebb,3,117,soybean,2018,1.532999992,5,33,27-09-2017,8,388,768,1108,1584,1836,2357,2652,2814,3234,3645,2475,3026,0.11273239,0.19535272,0.9742324
b2c999c6-010e-4489-9d88-5b32e11fb501,3,117,soybean,2018,3.324444532,6,28,27-09-2017,8,423,863,1310,2008,2144,2632,2978,3312,3268,4111,2960,3340,0.112874724,0.19537847,0.97421074
1005d7dd-4551-4735-896e-cc9790331dd6,3,117,soybean,2018,3.710000038,6,30,27-09-2017,8,424,953,1366,2126,2489,2738,3030,3374,3336,4678,3390,3524,0.11283528,0.1953987,0.9742112
9802daf7-8355-4411-ab5d-ad3676ae6874,3,117,soybean,2018,2.810625076,6,31,27-09-2017,8,417,865,1290,1990,2417,2615,2897,3134,3306,4567,3258,3375,0.11281555,0.19540882,0.9742115
19d596cf-615b-418d-9a84-09be70c70707,3,96,wheat,2017,0.939999998,0,1,16-03-2017,14,365,440,753,960,1437,2334,2606,2358,3194,3057,1996,3018,0.11634961,0.20020519,0.972821
63a4407c-14b3-4a10-b993-4ed26ce44632,3,96,wheat,2017,0.982500017,1,1,16-03-2017,14,369,453,795,940,1436,2361,2590,2382,3122,3111,2028,2978,0.11639349,0.20028126,0.9728001
edf5ef57-2cc4-4148-81ef-4b19de145ddf,3,96,wheat,2017,3.295000076,23,7,16-03-2017,14,338,441,789,839,1314,2649,3052,2900,3438,2803,1672,3348,0.11723642,0.20201795,0.97233963
aa96f884-0486-4db1-b7d9-e298e02b125f,3,96,wheat,2017,4.514166832,23,8,16-03-2017,14,342,412,710,839,1361,2466,2794,2450,3294,2726,1707,3041,0.11721604,0.2020285,0.9723399
b6755663-041f-4832-a400-bfbd266d68a8,3,96,wheat,2017,4.144999981,24,7,16-03-2017,14,338,426,788,720,1355,2734,3100,3020,3431,2952,1738,3451,0.11728023,0.20209402,0.97231853
50edbb2a-05f3-4978-a9fe-058c7230b6cc,3,96,wheat,2017,3.001333237,24,8,16-03-2017,14,341,405,732,752,1357,2412,2750,2486,3290,2789,1722,3031,0.117259845,0.20210457,0.9723188
6e775e7e-a721-4d64-8c1f-9ec1638b1a4a,3,96,wheat,2017,4.513000011,24,9,16-03-2017,14,343,403,729,803,1334,2277,2639,2300,3149,2641,1666,2860,0.11723947,0.20211512,0.97231907
75189670-e1a7-4452-839f-29e4f5a93e08,3,96,wheat,2017,5.268000126,25,8,16-03-2017,14,339,397,766,704,1335,2461,2755,2828,3285,2814,1703,3119,0.117303655,0.20218064,0.9722977
cfd13cc7-0d40-4469-9a50-460ff6e1337c,3,96,wheat,2017,3.835384607,25,9,16-03-2017,14,341,381,733,756,1287,2246,2514,2352,3146,2644,1630,2861,0.11728326,0.20219119,0.97229797
5128cb21-64e9-4022-99c4-72c68cc72910,3,96,wheat,2017,4.733636379,25,10,16-03-2017,14,342,371,655,726,1237,2184,2452,2120,3008,2529,1565,2813,0.11726287,0.20220175,0.97229826
94ca38fe-cdd6-43a6-ab44-eb8fd7b706ed,3,96,wheat,2017,2.680000067,25,11,16-03-2017,14,342,328,615,592,1222,2272,2553,2320,2914,2433,1503,2914,0.11724248,0.2022123,0.9722985
643dca8d-2423-4735-9e98-64ad9a88721e,3,96,wheat,2017,5.619999886,26,8,16-03-2017,14,338,408,797,693,1319,2545,2842,3138,3281,2821,1681,3223,0.11734746,0.20225671,0.9722766
4044e1b0-0f39-4a82-83ef-0eddc6cad485,3,96,wheat,2017,4.642000198,26,9,16-03-2017,14,339,369,731,705,1267,2275,2527,2492,3144,2661,1615,2909,0.11732706,0.20226727,0.97227687
c4a9f8fc-3fb4-45b1-bd5a-decafecf146b,3,96,wheat,2017,3.346874952,26,10,16-03-2017,14,339,385,724,818,1229,2090,2317,2134,3008,2563,1578,2728,0.11730666,0.20227782,0.97227716
46f3ef3e-844f-4230-a9d9-ed9cc481ae24,3,96,wheat,2017,4.395999908,26,11,16-03-2017,14,339,352,709,814,1228,2112,2340,2106,2919,2500,1555,2764,0.11728626,0.20228839,0.9722774
b8073ce9-f73b-41eb-939a-f9577bd02eae,3,96,wheat,2017,4.604705811,26,12,16-03-2017,14,339,407,739,812,1264,2339,2596,2408,2878,2472,1545,3017,0.11726586,0.20229894,0.97227764
