index,farm_identifier,field_shared_name,crop,year,target,row,col,date,time_step,B01,B02,B03,B04,B05,B06,B07,B08,B09,B11,B12,B8A,country,NDVI
875ad00e-dea6-4c80-ac45-d79dd2cc2fb9,39,557,corn,2017,5.760000229,0,62,19-09-2016,8,644,788,941,1224,1427,1671,1851,1976,2188,3496,2864,2125,Argentina,0.235
4084ba43-e315-4477-9409-df8816c979f3,39,557,corn,2017,7.360000134,1,61,19-09-2016,8,642,778,966,1230,1436,1792,1966,2018,2233,3445,2766,2243,Argentina,0.242610837
2d0fd1b9-6f7e-4a22-ab64-eff3f345f427,39,557,corn,2017,11.61999989,1,62,19-09-2016,8,651,749,936,1200,1405,1619,1782,1890,2164,3484,2877,2056,Argentina,0.223300971
b86f270d-3be7-46ed-b85b-8385fbdbba3e,39,557,corn,2017,12.18000031,1,63,19-09-2016,8,663,713,917,1162,1397,1538,1694,1800,2131,3493,2918,1961,Argentina,0.215395003
96583946-ca16-4466-be2b-0d7244e8530e,39,557,corn,2017,12.02999973,1,64,19-09-2016,8,678,771,921,1202,1410,1549,1700,1782,2136,3472,2888,1957,Argentina,0.194369973
4da0ba64-d491-4538-8ad8-c4f8a7de0a98,39,557,corn,2017,7.804999828,1,65,19-09-2016,8,693,792,943,1262,1444,1589,1735,1898,2140,3457,2850,1994,Argentina,0.201265823
b3f7568a-f390-42d2-84cf-e2f0f6fc01c0,39,557,corn,2017,8.609999657,2,60,19-09-2016,8,644,692,917,1184,1404,1747,1909,1960,2253,3399,2755,2193,Argentina,0.246819338
efebf915-4506-4844-9295-206af372e7ff,39,557,corn,2017,10.42000008,2,61,19-09-2016,8,655,698,890,1184,1376,1579,1729,1840,2185,3437,2853,1996,Argentina,0.216931217
36f861f3-c5dc-4961-956d-ede9a11ecbeb,39,557,corn,2017,11.59000015,2,62,19-09-2016,8,666,725,904,1162,1362,1516,1645,1810,2116,3461,2904,1917,Argentina,0.218034993
df7b6985-9265-47ab-a4cd-f23f5f6c7011,39,557,corn,2017,11.8633337,2,63,19-09-2016,8,677,739,936,1180,1364,1491,1612,1746,2085,3468,2914,1878,Argentina,0.193438141
956b4610-66a7-452b-8a0f-cd02521b23bb,39,557,corn,2017,9.420000076,2,64,19-09-2016,8,690,789,961,1190,1381,1506,1628,1752,2090,3459,2883,1880,Argentina,0.191026513
204da5a9-793e-4f66-92f2-877114ae92a9,39,557,corn,2017,8.680000305,2,65,19-09-2016,8,702,814,982,1206,1409,1542,1666,1766,2096,3452,2850,1911,Argentina,0.188425303
2670b19a-9ec6-41b0-85af-7d50f7ecc7fc,39,557,corn,2017,8.050000191,2,66,19-09-2016,8,714,754,987,1218,1447,1600,1726,1886,2101,3447,2813,1971,Argentina,0.215206186
4e9bfb3e-15d6-404b-be17-454978d60411,39,557,corn,2017,10.98999977,3,59,19-09-2016,8,645,654,869,1078,1405,1794,1933,1826,2271,3404,2738,2244,Argentina,0.257575758
12aaee77-5f2c-47b6-b69b-995dce205bd7,39,557,corn,2017,12.13000011,3,60,19-09-2016,8,657,668,850,1122,1367,1580,1724,1776,2204,3424,2839,2003,Argentina,0.225672878
6ac6bb9b-e5cb-4691-bc4a-fdd458435d2b,39,557,corn,2017,12.86999989,3,61,19-09-2016,8,669,684,844,1102,1348,1472,1608,1732,2136,3442,2897,1873,Argentina,0.222300635
2b198451-e832-4379-a080-3e8356dc3622,39,557,corn,2017,11.97999954,3,62,19-09-2016,8,681,705,881,1112,1349,1471,1586,1732,2069,3457,2913,1855,Argentina,0.218002813
a17f1871-f92a-4d6a-802f-beea10fb495f,7,52,soybean,2022,1.446666718,1,10,28-10-2021,9,486,612,937,1090,1505,2579,3016,3062,3454,3075,2403,3284,Argentina,0.47495183
1de3e3fb-f993-403d-95b7-8d7c496b06ee,7,52,soybean,2022,1.282500029,1,11,28-10-2021,9,502,432,688,755,1541,2406,2788,3090,3277,3110,2452,3054,Argentina,0.607282185
0b31d050-8ff3-49cf-b6c5-f01f214f808b,7,52,soybean,2022,0.701666653,2,10,28-10-2021,9,485,730,1036,1290,1510,2480,2892,2750,3479,3116,2497,3175,Argentina,0.361386139
5c144232-1283-4872-97b5-ad9f40507b4c,7,52,soybean,2022,1.883333325,2,11,28-10-2021,9,510,753,1042,1376,1597,2266,2600,2502,3259,3234,2653,2881,Argentina,0.290355854
c52aefc7-9a1d-48de-a51c-bc93ae61c8f5,7,52,soybean,2022,0.650714278,2,12,28-10-2021,9,534,725,954,1250,1554,2195,2509,2518,3039,3229,2617,2773,Argentina,0.336518047
b8c668f8-4327-4818-acbc-d82e8376f34d,7,52,soybean,2022,3.119999886,2,13,28-10-2021,9,544,648,888,1140,1523,2161,2476,2548,2924,3199,2552,2728,Argentina,0.381778742
9b01b7c0-7753-4022-b3d5-fe9522b96850,7,52,soybean,2022,3.470000029,3,10,28-10-2021,9,485,832,1090,1454,1600,2334,2697,2644,3505,3336,2798,3009,Argentina,0.290385554
fb0be521-997c-47c5-8ce7-e8a16514f35f,7,52,soybean,2022,1.5,3,11,28-10-2021,9,517,899,1114,1542,1715,2112,2380,2380,3242,3542,3064,2701,Argentina,0.213666497
d596a565-4cc5-472d-af47-8413a4842cb4,7,52,soybean,2022,2.046666622,3,12,28-10-2021,9,550,900,1114,1528,1694,2059,2311,2352,2979,3568,3046,2603,Argentina,0.212371134
9bb77aff-3483-4c3f-8905-e50e6ed6132b,7,52,soybean,2022,3,3,13,28-10-2021,9,565,915,1126,1520,1677,2038,2284,2362,2842,3552,2986,2559,Argentina,0.216898506
2a2d2c99-6450-4db3-913a-1c70bc225383,7,52,soybean,2022,3.275555611,3,14,28-10-2021,9,564,887,1098,1438,1661,2050,2299,2304,2832,3493,2884,2569,Argentina,0.231427044
8593605d-0e28-48be-89ba-3eb263866c74,7,52,soybean,2022,3.012857199,3,15,28-10-2021,9,562,894,1070,1430,1637,2057,2321,2320,2821,3424,2782,2585,Argentina,0.237333333
ab1221c2-aa0c-42d3-9023-0a021a940d26,7,52,soybean,2022,2.844000101,3,16,28-10-2021,9,560,777,1021,1324,1604,2061,2351,2314,2811,3345,2680,2607,Argentina,0.272127543
53e2e0ca-d125-4e22-bf41-61d15fb8627a,7,52,soybean,2022,2.25999999,3,17,28-10-2021,9,558,688,962,1214,1564,2084,2392,2442,2801,3253,2578,2644,Argentina,0.335886214
c9e3e8bc-6bf3-4fae-bc6f-459515a5fd09,7,52,soybean,2022,2.101999998,3,18,28-10-2021,9,557,614,861,1070,1516,2128,2446,2574,2790,3147,2478,2696,Argentina,0.41273326
5db787ad-0dfe-4e90-a2f8-c8f047eb3791,7,52,soybean,2022,0.675000012,3,19,28-10-2021,9,550,513,772,910,1479,2154,2490,2768,2795,3072,2405,2738,Argentina,0.505165851
59a20210-d011-40e7-b524-3f2a162793b7,7,52,soybean,2022,3.573750019,4,10,28-10-2021,9,496,887,1158,1522,1672,2237,2557,2568,3482,3519,2998,2882,Argentina,0.255745721
2800d910-8351-4394-936c-18ec7e0f8eb0,38,468,wheat,2021,1.599411726,1,19,19-04-2021,15,200,314,528,559,1042,2109,2433,2236,2414,2261,1387,2723,Argentina,0.6
fb43af32-f316-4fe9-a7bf-7a2b5206af33,38,468,wheat,2021,2.401249886,1,20,19-04-2021,15,197,327,586,618,1065,2008,2332,2294,2432,2285,1418,2630,Argentina,0.575549451
9733d7a7-cead-4468-840d-3f4012fcc9cd,38,468,wheat,2021,2.852499962,2,18,19-04-2021,15,203,303,584,546,987,2128,2413,2828,2396,2174,1347,2677,Argentina,0.676348548
66c0bea8-63e9-4e18-ac99-70617bdeeafc,38,468,wheat,2021,1.295555592,2,19,19-04-2021,15,200,373,608,652,1085,1984,2258,2236,2414,2284,1459,2543,Argentina,0.548476454
2f1f43d2-49eb-4927-8e8d-c72582cc3f0a,38,468,wheat,2021,1.825999975,2,20,19-04-2021,15,197,379,695,799,1130,1865,2139,2040,2432,2321,1496,2443,Argentina,0.437125749
ea518cf5-dcea-4223-b9a2-b524de5eb8ab,38,468,wheat,2021,2.765000105,2,21,19-04-2021,15,194,412,659,760,1121,1773,2057,1970,2449,2283,1459,2377,Argentina,0.443223443
fddbf639-c792-4df6-a386-0e68a958adeb,38,468,wheat,2021,1.344545484,2,22,19-04-2021,15,190,346,593,631,1089,1754,2049,1924,2464,2203,1376,2366,Argentina,0.506066536
d6763e29-1e8e-48f4-a2a2-4ae8cb7804ea,38,468,wheat,2021,2.645999908,2,23,19-04-2021,15,185,234,517,516,1035,1807,2114,1866,2475,2080,1246,2411,Argentina,0.56675063
1aaf447f-1789-47d3-b83e-3851ca3b1e36,38,468,wheat,2021,2.11500001,2,24,19-04-2021,15,180,202,466,442,1012,1860,2174,1968,2486,2018,1184,2467,Argentina,0.633195021
423fe999-5097-49e0-8977-7c2016613932,38,468,wheat,2021,2.563333273,2,25,19-04-2021,15,176,234,525,500,1019,1912,2228,2266,2497,2015,1190,2533,Argentina,0.638467101
946fe8fd-ab6f-4240-a86a-e2dc270ca6e4,38,468,wheat,2021,2.980000019,3,18,19-04-2021,15,204,278,545,539,1003,2002,2251,2432,2364,2198,1409,2513,Argentina,0.637159206
9f1236e4-d32a-46df-9bd9-95df56d9ca4a,38,468,wheat,2021,2.344285727,3,19,19-04-2021,15,201,341,593,685,1113,1865,2108,2108,2385,2298,1508,2394,Argentina,0.509488006
95896171-0284-462c-aaf3-ce87c3288025,38,468,wheat,2021,1.991999984,3,20,19-04-2021,15,198,342,636,755,1165,1752,1990,2062,2405,2333,1540,2298,Argentina,0.463968761
7ec17b55-7175-4049-8373-75c4cd156b05,38,468,wheat,2021,3.589999914,3,21,19-04-2021,15,194,385,653,741,1160,1663,1898,2062,2426,2301,1506,2224,Argentina,0.471280771
c7ce1bb2-5611-4209-8b47-26380f725889,38,468,wheat,2021,3.834000111,3,22,19-04-2021,15,191,342,637,727,1140,1650,1891,2046,2441,2228,1428,2213,Argentina,0.475658132
c31aa099-f045-4d64-944f-9b1d71240222,38,468,wheat,2021,3.444000006,3,23,19-04-2021,15,186,294,623,686,1105,1714,1971,2026,2452,2112,1306,2266,Argentina,0.494100295
045e2bc8-b104-4433-9887-f47adb25898b,1,10,corn,2023,2.535000086,0,71,26-10-2022,9,348,456,726,988,1515,2272,2544,2604,2924,2717,1918,2814,Brazil,0.449888641
aa084299-9291-43fc-9cda-bc157d1aa055,1,10,corn,2023,3.87142849,1,70,26-10-2022,9,350,664,986,1432,1528,2489,2808,2994,3027,2708,1868,3083,Brazil,0.352914596
4ce7554e-446c-4595-9aa8-cca2d6249978,1,10,corn,2023,2.691111088,1,71,26-10-2022,9,363,772,1116,1696,1673,2342,2589,2800,2944,2923,2125,2871,Brazil,0.245551601
c06dd051-34c9-4cd8-89b2-78d766cebdfe,1,10,corn,2023,6.388809681,1,72,26-10-2022,9,375,722,1038,1620,1688,2155,2405,2618,2860,2936,2171,2667,Brazil,0.235488438
8e2da806-6569-4ba2-bac1-a84a22a7339b,1,10,corn,2023,4.381000042,1,73,26-10-2022,9,387,530,818,1276,1603,2058,2306,2188,2777,2850,2089,2570,Brazil,0.263279446
cef6381b-8ea6-4c30-a076-4ab2c98bf75d,1,10,corn,2023,4.795454502,2,69,26-10-2022,9,365,488,812,968,1468,2558,2975,3224,3128,2542,1674,3219,Brazil,0.538167939
19693ea7-e126-4601-bb6f-7010e419a6b6,1,10,corn,2023,8.136363983,2,70,26-10-2022,9,379,849,1194,1816,1809,2547,2811,3010,3056,3061,2237,3115,Brazil,0.247409863
29fc5a38-bb0d-4434-8b4d-297a25423700,1,10,corn,2023,5.219285488,2,71,26-10-2022,9,392,870,1268,1934,1991,2481,2679,2998,2984,3336,2538,2986,Brazil,0.215733982
a612b793-9940-4aa0-b725-a5e786bd79e9,1,10,corn,2023,4.114999771,2,72,26-10-2022,9,406,816,1188,1852,2014,2359,2579,2872,2912,3369,2578,2831,Brazil,0.215918713
f9761a94-2576-4eb7-b18a-e5f0e776d764,1,10,corn,2023,6.352280617,2,73,26-10-2022,9,420,756,1064,1712,1939,2258,2488,2592,2841,3306,2517,2721,Brazil,0.204460967
dba8d656-263f-4d69-856e-f134bf4f65ad,1,10,corn,2023,5.692500114,2,74,26-10-2022,9,434,675,930,1548,1763,2178,2408,2408,2769,3149,2358,2658,Brazil,0.217391304
44e8b124-14ed-4f12-b114-acfcb8513ca7,1,10,corn,2023,6.889999866,3,69,26-10-2022,9,391,622,1002,1346,1666,2570,2937,3152,3145,2776,1914,3204,Brazil,0.401511783
5bc2ba22-8d62-4aee-b7a9-c966a336142d,1,10,corn,2023,7.676666737,3,70,26-10-2022,9,407,907,1290,1986,2010,2584,2827,3076,3085,3326,2494,3150,Brazil,0.215329909
6a1a34f1-2354-488d-a7ee-912fb9ebea8e,1,10,corn,2023,9.904999733,3,71,26-10-2022,9,422,906,1290,1974,2199,2560,2748,3028,3025,3619,2798,3072,Brazil,0.210715714
3e88858b-d607-46d6-8ca9-9fd5afd98556,1,10,corn,2023,9.805454254,3,72,26-10-2022,9,438,856,1262,1950,2233,2497,2700,2966,2964,3654,2827,2971,Brazil,0.206672091
16df0df6-3297-4467-889a-3f2116da956a,1,10,corn,2023,8.469230652,3,73,26-10-2022,9,453,861,1262,1960,2183,2418,2630,2920,2904,3613,2789,2878,Brazil,0.196721311
35bd9d8a-c0dc-48bb-8dc5-d957640f09c9,1,10,corn,2023,5.242765903,3,74,26-10-2022,9,469,850,1216,1904,2048,2321,2538,2858,2843,3496,2683,2794,Brazil,0.200335993
1c549a06-3fc6-4b44-bae3-0719cebf30af,3,117,soybean,2018,2.425555468,1,30,27-09-2017,8,356,1003,1352,1944,2095,2719,3112,3518,3207,3903,2798,3615,Brazil,0.28817283
4426d433-a719-4bdf-80b9-8edecef8fa06,3,117,soybean,2018,2.416428566,2,29,27-09-2017,8,367,766,1108,1464,1810,2677,3111,3316,3237,3566,2472,3514,Brazil,0.387447699
32694565-0f9a-4182-99d3-3390ead3628b,3,117,soybean,2018,0.683333337,2,31,27-09-2017,8,371,978,1432,2114,2282,2735,3000,3334,3229,4193,3047,3486,Brazil,0.223935389
3d596a21-b647-4cd6-a5b4-23bd9e69e183,3,117,soybean,2018,3.3307693,3,29,27-09-2017,8,383,838,1254,1838,2003,2719,3083,3416,3271,3882,2752,3512,Brazil,0.300342596
deb4d9c7-fc6c-4d45-ac14-18bdd5554fd6,3,117,soybean,2018,2.369999886,3,31,27-09-2017,8,380,929,1362,2050,2339,2707,2962,3242,3248,4344,3149,3444,Brazil,0.225245654
25e88c4a-17a2-44ea-b0a0-f2075dafe730,3,117,soybean,2018,1.123333335,3,32,27-09-2017,8,378,788,1166,1662,1959,2541,2756,2940,3236,3791,2674,3178,Brazil,0.277705346
878430bd-4f05-4b38-bb75-0269807ded88,3,117,soybean,2018,4.145555496,4,28,27-09-2017,8,392,664,989,1214,1786,2610,2919,3184,3212,3621,2544,3337,Brazil,0.447930878
dffac46b-3e9b-4524-ac0d-0072dc65d156,3,117,soybean,2018,2.093333244,4,29,27-09-2017,8,400,957,1362,2030,2155,2761,3060,3488,3306,4203,3037,3513,Brazil,0.264226169
35976331-7b2a-4b67-b31d-b6d14765bf28,3,117,soybean,2018,2.584285736,4,31,27-09-2017,8,390,930,1354,2048,2400,2666,2961,3230,3266,4474,3241,3438,Brazil,0.223948465
51a16f2e-5ee5-4e07-a4ce-b2b39f9b5247,3,117,soybean,2018,1.596874952,4,32,27-09-2017,8,385,861,1236,1852,2078,2482,2706,3086,3246,3994,2833,3144,Brazil,0.249898744
92076f08-b133-4a0d-9581-7968887a2330,3,117,soybean,2018,2.448571444,5,28,27-09-2017,8,408,745,1146,1492,1958,2630,2910,3394,3239,3897,2787,3322,Brazil,0.389275481
6c0eb09b-a70f-492b-b0c6-93d8891c55b3,3,117,soybean,2018,3.266428471,5,31,27-09-2017,8,402,872,1314,2010,2426,2635,2939,3144,3285,4549,3277,3415,Brazil,0.220023283
73461c83-9608-4d18-b868-f2736ad894c3,3,117,soybean,2018,3.227499962,5,32,27-09-2017,8,395,860,1212,1842,2160,2447,2692,3034,3260,4160,2928,3122,Brazil,0.244462674
b68a0a8c-8828-4f71-becb-b0403c2d7ebb,3,117,soybean,2018,1.532999992,5,33,27-09-2017,8,388,768,1108,1584,1836,2357,2652,2814,3234,3645,2475,3026,Brazil,0.279672578
b2c999c6-010e-4489-9d88-5b32e11fb501,3,117,soybean,2018,3.324444532,6,28,27-09-2017,8,423,863,1310,2008,2144,2632,2978,3312,3268,4111,2960,3340,Brazil,0.245112782
1005d7dd-4551-4735-896e-cc9790331dd6,3,117,soybean,2018,3.710000038,6,30,27-09-2017,8,424,953,1366,2126,2489,2738,3030,3374,3336,4678,3390,3524,Brazil,0.226909091
9802daf7-8355-4411-ab5d-ad3676ae6874,3,117,soybean,2018,2.810625076,6,31,27-09-2017,8,417,865,1290,1990,2417,2615,2897,3134,3306,4567,3258,3375,Brazil,0.223263076
19d596cf-615b-418d-9a84-09be70c70707,3,96,wheat,2017,0.939999998,0,1,16-03-2017,14,365,440,753,960,1437,2334,2606,2358,3194,3057,1996,3018,Brazil,0.421338156
63a4407c-14b3-4a10-b993-4ed26ce44632,3,96,wheat,2017,0.982500017,1,1,16-03-2017,14,369,453,795,940,1436,2361,2590,2382,3122,3111,2028,2978,Brazil,0.434075858
edf5ef57-2cc4-4148-81ef-4b19de145ddf,3,96,wheat,2017,3.295000076,23,7,16-03-2017,14,338,441,789,839,1314,2649,3052,2900,3438,2803,1672,3348,Brazil,0.551216903
aa96f884-0486-4db1-b7d9-e298e02b125f,3,96,wheat,2017,4.514166832,23,8,16-03-2017,14,342,412,710,839,1361,2466,2794,2450,3294,2726,1707,3041,Brazil,0.489814533
b6755663-041f-4832-a400-bfbd266d68a8,3,96,wheat,2017,4.144999981,24,7,16-03-2017,14,338,426,788,720,1355,2734,3100,3020,3431,2952,1738,3451,Brazil,0.614973262
50edbb2a-05f3-4978-a9fe-058c7230b6cc,3,96,wheat,2017,3.001333237,24,8,16-03-2017,14,341,405,732,752,1357,2412,2750,2486,3290,2789,1722,3031,Brazil,0.53551575
6e775e7e-a721-4d64-8c1f-9ec1638b1a4a,3,96,wheat,2017,4.513000011,24,9,16-03-2017,14,343,403,729,803,1334,2277,2639,2300,3149,2641,1666,2860,Brazil,0.482436352
75189670-e1a7-4452-839f-29e4f5a93e08,3,96,wheat,2017,5.268000126,25,8,16-03-2017,14,339,397,766,704,1335,2461,2755,2828,3285,2814,1703,3119,Brazil,0.601359003
cfd13cc7-0d40-4469-9a50-460ff6e1337c,3,96,wheat,2017,3.835384607,25,9,16-03-2017,14,341,381,733,756,1287,2246,2514,2352,3146,2644,1630,2861,Brazil,0.513513514
5128cb21-64e9-4022-99c4-72c68cc72910,3,96,wheat,2017,4.733636379,25,10,16-03-2017,14,342,371,655,726,1237,2184,2452,2120,3008,2529,1565,2813,Brazil,0.48981026
94ca38fe-cdd6-43a6-ab44-eb8fd7b706ed,3,96,wheat,2017,2.680000067,25,11,16-03-2017,14,342,328,615,592,1222,2272,2553,2320,2914,2433,1503,2914,Brazil,0.593406593
643dca8d-2423-4735-9e98-64ad9a88721e,3,96,wheat,2017,5.619999886,26,8,16-03-2017,14,338,408,797,693,1319,2545,2842,3138,3281,2821,1681,3223,Brazil,0.638214565
4044e1b0-0f39-4a82-83ef-0eddc6cad485,3,96,wheat,2017,4.642000198,26,9,16-03-2017,14,339,369,731,705,1267,2275,2527,2492,3144,2661,1615,2909,Brazil,0.558961526
c4a9f8fc-3fb4-45b1-bd5a-decafecf146b,3,96,wheat,2017,3.346874952,26,10,16-03-2017,14,339,385,724,818,1229,2090,2317,2134,3008,2563,1578,2728,Brazil,0.445799458
46f3ef3e-844f-4230-a9d9-ed9cc481ae24,3,96,wheat,2017,4.395999908,26,11,16-03-2017,14,339,352,709,814,1228,2112,2340,2106,2919,2500,1555,2764,Brazil,0.442465753
b8073ce9-f73b-41eb-939a-f9577bd02eae,3,96,wheat,2017,4.604705811,26,12,16-03-2017,14,339,407,739,812,1264,2339,2596,2408,2878,2472,1545,3017,Brazil,0.495652174
