system:index,B01,B02,B03,B04,B05,B06,B07,B08,B09,B11,B12,B8A,VH,VV,col,country,crop,date,farm_identifier,field_shared_name,index,row,target,time_step,year,.geo
1_00000000000000000000,348.0,456.0,726.0,988.0,1515.0,2272.0,2544.0,2604.0,2924.0,2717.0,1918.0,2814.0,,,71,Brazil,corn,2022-10-26,1,10,045e2bc8-b104-4433-9887-f47adb25898b,0,2.5350000858306885,9,2023,"{""type"":""MultiPoint"",""coordinates"":[]}"
1_00000000000000000001,350.0,664.0,986.0,1432.0,1528.0,2489.0,2808.0,2994.0,3027.0,2708.0,1868.0,3083.0,,,70,Brazil,corn,2022-10-26,1,10,aa084299-9291-43fc-9cda-bc157d1aa055,1,3.8714284896850586,9,2023,"{""type"":""MultiPoint"",""coordinates"":[]}"
1_00000000000000000002,363.0,772.0,1116.0,1696.0,1673.0,2342.0,2589.0,2800.0,2944.0,2923.0,2125.0,2871.0,,,71,Brazil,corn,2022-10-26,1,10,4ce7554e-446c-4595-9aa8-cca2d6249978,1,2.6911110877990723,9,2023,"{""type"":""MultiPoint"",""coordinates"":[]}"
1_00000000000000000003,375.0,722.0,1038.0,1620.0,1688.0,2155.0,2405.0,2618.0,2860.0,2936.0,2171.0,2667.0,,,72,Brazil,corn,2022-10-26,1,10,c06dd051-34c9-4cd8-89b2-78d766cebdfe,1,6.388809680938721,9,2023,"{""type"":""MultiPoint"",""coordinates"":[]}"
1_00000000000000000004,387.0,530.0,818.0,1276.0,1603.0,2058.0,2306.0,2188.0,2777.0,2850.0,2089.0,2570.0,,,73,Brazil,corn,2022-10-26,1,10,8e2da806-6569-4ba2-bac1-a84a22a7339b,1,4.38100004196167,9,2023,"{""type"":""MultiPoint"",""coordinates"":[]}"
1_00000000000000000005,365.0,488.0,812.0,968.0,1468.0,2558.0,2975.0,3224.0,3128.0,2542.0,1674.0,3219.0,,,69,Brazil,corn,2022-10-26,1,10,cef6381b-8ea6-4c30-a076-4ab2c98bf75d,2,4.795454502105713,9,2023,"{""type"":""MultiPoint"",""coordinates"":[]}"
1_00000000000000000006,379.0,849.0,1194.0,1816.0,1809.0,2547.0,2811.0,3010.0,3056.0,3061.0,2237.0,3115.0,,,70,Brazil,corn,2022-10-26,1,10,19693ea7-e126-4601-bb6f-7010e419a6b6,2,8.136363983154297,9,2023,"{""type"":""MultiPoint"",""coordinates"":[]}"
1_00000000000000000007,392.0,870.0,1268.0,1934.0,1991.0,2481.0,2679.0,2998.0,2984.0,3336.0,2538.0,2986.0,,,71,Brazil,corn,2022-10-26,1,10,29fc5a38-bb0d-4434-8b4d-297a25423700,2,5.219285488128662,9,2023,"{""type"":""MultiPoint"",""coordinates"":[]}"
1_00000000000000000008,406.0,816.0,1188.0,1852.0,2014.0,2359.0,2579.0,2872.0,2912.0,3369.0,2578.0,2831.0,,,72,Brazil,corn,2022-10-26,1,10,a612b793-9940-4aa0-b725-a5e786bd79e9,2,4.114999771118164,9,2023,"{""type"":""MultiPoint"",""coordinates"":[]}"
1_00000000000000000009,420.0,756.0,1064.0,1712.0,1939.0,2258.0,2488.0,2592.0,2841.0,3306.0,2517.0,2721.0,,,73,Brazil,corn,2022-10-26,1,10,f9761a94-2576-4eb7-b18a-e5f0e776d764,2,6.352280616760254,9,2023,"{""type"":""MultiPoint"",""coordinates"":[]}"
1_0000000000000000000a,434.0,675.0,930.0,1548.0,1763.0,2178.0,2408.0,2408.0,2769.0,3149.0,2358.0,2658.0,,,74,Brazil,corn,2022-10-26,1,10,dba8d656-263f-4d69-856e-f134bf4f65ad,2,5.692500114440918,9,2023,"{""type"":""MultiPoint"",""coordinates"":[]}"
1_0000000000000000000b,391.0,622.0,1002.0,1346.0,1666.0,2570.0,2937.0,3152.0,3145.0,2776.0,1914.0,3204.0,,,69,Brazil,corn,2022-10-26,1,10,44e8b124-14ed-4f12-b114-acfcb8513ca7,3,6.889999866485596,9,2023,"{""type"":""MultiPoint"",""coordinates"":[]}"
1_0000000000000000000c,407.0,907.0,1290.0,1986.0,2010.0,2584.0,2827.0,3076.0,3085.0,3326.0,2494.0,3150.0,,,70,Brazil,corn,2022-10-26,1,10,5bc2ba22-8d62-4aee-b7a9-c966a336142d,3,7.676666736602783,9,2023,"{""type"":""MultiPoint"",""coordinates"":[]}"
1_0000000000000000000d,422.0,906.0,1290.0,1974.0,2199.0,2560.0,2748.0,3028.0,3025.0,3619.0,2798.0,3072.0,,,71,Brazil,corn,2022-10-26,1,10,6a1a34f1-2354-488d-a7ee-912fb9ebea8e,3,9.904999732971191,9,2023,"{""type"":""MultiPoint"",""coordinates"":[]}"
1_0000000000000000000e,438.0,856.0,1262.0,1950.0,2233.0,2497.0,2700.0,2966.0,2964.0,3654.0,2827.0,2971.0,,,72,Brazil,corn,2022-10-26,1,10,3e88858b-d607-46d6-8ca9-9fd5afd98556,3,9.80545425415039,9,2023,"{""type"":""MultiPoint"",""coordinates"":[]}"
1_0000000000000000000f,453.0,861.0,1262.0,1960.0,2183.0,2418.0,2630.0,2920.0,2904.0,3613.0,2789.0,2878.0,,,73,Brazil,corn,2022-10-26,1,10,16df0df6-3297-4467-889a-3f2116da956a,3,8.469230651855469,9,2023,"{""type"":""MultiPoint"",""coordinates"":[]}"
1_00000000000000000010,469.0,850.0,1216.0,1904.0,2048.0,2321.0,2538.0,2858.0,2843.0,3496.0,2683.0,2794.0,,,74,Brazil,corn,2022-10-26,1,10,35bd9d8a-c0dc-48bb-8dc5-d957640f09c9,3,5.2427659034729,9,2023,"{""type"":""MultiPoint"",""coordinates"":[]}"
1_00000000000000000011,356.0,1003.0,1352.0,1944.0,2095.0,2719.0,3112.0,3518.0,3207.0,3903.0,2798.0,3615.0,,,30,Brazil,soybean,2017-09-27,3,117,1c549a06-3fc6-4b44-bae3-0719cebf30af,1,2.425555467605591,8,2018,"{""type"":""MultiPoint"",""coordinates"":[]}"
1_00000000000000000012,367.0,766.0,1108.0,1464.0,1810.0,2677.0,3111.0,3316.0,3237.0,3566.0,2472.0,3514.0,,,29,Brazil,soybean,2017-09-27,3,117,4426d433-a719-4bdf-80b9-8edecef8fa06,2,2.416428565979004,8,2018,"{""type"":""MultiPoint"",""coordinates"":[]}"
1_00000000000000000013,371.0,978.0,1432.0,2114.0,2282.0,2735.0,3000.0,3334.0,3229.0,4193.0,3047.0,3486.0,,,31,Brazil,soybean,2017-09-27,3,117,32694565-0f9a-4182-99d3-3390ead3628b,2,0.6833333373069763,8,2018,"{""type"":""MultiPoint"",""coordinates"":[]}"
1_00000000000000000014,383.0,838.0,1254.0,1838.0,2003.0,2719.0,3083.0,3416.0,3271.0,3882.0,2752.0,3512.0,,,29,Brazil,soybean,2017-09-27,3,117,3d596a21-b647-4cd6-a5b4-23bd9e69e183,3,3.3307693004608154,8,2018,"{""type"":""MultiPoint"",""coordinates"":[]}"
1_00000000000000000015,380.0,929.0,1362.0,2050.0,2339.0,2707.0,2962.0,3242.0,3248.0,4344.0,3149.0,3444.0,,,31,Brazil,soybean,2017-09-27,3,117,deb4d9c7-fc6c-4d45-ac14-18bdd5554fd6,3,2.369999885559082,8,2018,"{""type"":""MultiPoint"",""coordinates"":[]}"
1_00000000000000000016,378.0,788.0,1166.0,1662.0,1959.0,2541.0,2756.0,2940.0,3236.0,3791.0,2674.0,3178.0,,,32,Brazil,soybean,2017-09-27,3,117,25e88c4a-17a2-44ea-b0a0-f2075dafe730,3,1.1233333349227905,8,2018,"{""type"":""MultiPoint"",""coordinates"":[]}"
1_00000000000000000017,392.0,664.0,989.0,1214.0,1786.0,2610.0,2919.0,3184.0,3212.0,3621.0,2544.0,3337.0,,,28,Brazil,soybean,2017-09-27,3,117,878430bd-4f05-4b38-bb75-0269807ded88,4,4.14555549621582,8,2018,"{""type"":""MultiPoint"",""coordinates"":[]}"
1_00000000000000000018,400.0,957.0,1362.0,2030.0,2155.0,2761.0,3060.0,3488.0,3306.0,4203.0,3037.0,3513.0,,,29,Brazil,soybean,2017-09-27,3,117,dffac46b-3e9b-4524-ac0d-0072dc65d156,4,2.0933332443237305,8,2018,"{""type"":""MultiPoint"",""coordinates"":[]}"
1_00000000000000000019,390.0,930.0,1354.0,2048.0,2400.0,2666.0,2961.0,3230.0,3266.0,4474.0,3241.0,3438.0,,,31,Brazil,soybean,2017-09-27,3,117,35976331-7b2a-4b67-b31d-b6d14765bf28,4,2.5842857360839844,8,2018,"{""type"":""MultiPoint"",""coordinates"":[]}"
1_0000000000000000001a,385.0,861.0,1236.0,1852.0,2078.0,2482.0,2706.0,3086.0,3246.0,3994.0,2833.0,3144.0,,,32,Brazil,soybean,2017-09-27,3,117,51a16f2e-5ee5-4e07-a4ce-b2b39f9b5247,4,1.5968749523162842,8,2018,"{""type"":""MultiPoint"",""coordinates"":[]}"
1_0000000000000000001b,408.0,745.0,1146.0,1492.0,1958.0,2630.0,2910.0,3394.0,3239.0,3897.0,2787.0,3322.0,,,28,Brazil,soybean,2017-09-27,3,117,92076f08-b133-4a0d-9581-7968887a2330,5,2.4485714435577393,8,2018,"{""type"":""MultiPoint"",""coordinates"":[]}"
1_0000000000000000001c,402.0,872.0,1314.0,2010.0,2426.0,2635.0,2939.0,3144.0,3285.0,4549.0,3277.0,3415.0,,,31,Brazil,soybean,2017-09-27,3,117,6c0eb09b-a70f-492b-b0c6-93d8891c55b3,5,3.2664284706115723,8,2018,"{""type"":""MultiPoint"",""coordinates"":[]}"
1_0000000000000000001d,395.0,860.0,1212.0,1842.0,2160.0,2447.0,2692.0,3034.0,3260.0,4160.0,2928.0,3122.0,,,32,Brazil,soybean,2017-09-27,3,117,73461c83-9608-4d18-b868-f2736ad894c3,5,3.2274999618530273,8,2018,"{""type"":""MultiPoint"",""coordinates"":[]}"
1_0000000000000000001e,388.0,768.0,1108.0,1584.0,1836.0,2357.0,2652.0,2814.0,3234.0,3645.0,2475.0,3026.0,,,33,Brazil,soybean,2017-09-27,3,117,b68a0a8c-8828-4f71-becb-b0403c2d7ebb,5,1.5329999923706055,8,2018,"{""type"":""MultiPoint"",""coordinates"":[]}"
1_0000000000000000001f,423.0,863.0,1310.0,2008.0,2144.0,2632.0,2978.0,3312.0,3268.0,4111.0,2960.0,3340.0,,,28,Brazil,soybean,2017-09-27,3,117,b2c999c6-010e-4489-9d88-5b32e11fb501,6,3.324444532394409,8,2018,"{""type"":""MultiPoint"",""coordinates"":[]}"
1_00000000000000000020,424.0,953.0,1366.0,2126.0,2489.0,2738.0,3030.0,3374.0,3336.0,4678.0,3390.0,3524.0,,,30,Brazil,soybean,2017-09-27,3,117,1005d7dd-4551-4735-896e-cc9790331dd6,6,3.7100000381469727,8,2018,"{""type"":""MultiPoint"",""coordinates"":[]}"
1_00000000000000000021,417.0,865.0,1290.0,1990.0,2417.0,2615.0,2897.0,3134.0,3306.0,4567.0,3258.0,3375.0,,,31,Brazil,soybean,2017-09-27,3,117,9802daf7-8355-4411-ab5d-ad3676ae6874,6,2.8106250762939453,8,2018,"{""type"":""MultiPoint"",""coordinates"":[]}"
1_00000000000000000022,365.0,440.0,753.0,960.0,1437.0,2334.0,2606.0,2358.0,3194.0,3057.0,1996.0,3018.0,,,1,Brazil,wheat,2017-03-16,3,96,19d596cf-615b-418d-9a84-09be70c70707,0,0.9399999976158142,14,2017,"{""type"":""MultiPoint"",""coordinates"":[]}"
1_00000000000000000023,369.0,453.0,795.0,940.0,1436.0,2361.0,2590.0,2382.0,3122.0,3111.0,2028.0,2978.0,,,1,Brazil,wheat,2017-03-16,3,96,63a4407c-14b3-4a10-b993-4ed26ce44632,1,0.9825000166893005,14,2017,"{""type"":""MultiPoint"",""coordinates"":[]}"
1_00000000000000000024,338.0,441.0,789.0,839.0,1314.0,2649.0,3052.0,2900.0,3438.0,2803.0,1672.0,3348.0,,,7,Brazil,wheat,2017-03-16,3,96,edf5ef57-2cc4-4148-81ef-4b19de145ddf,23,3.2950000762939453,14,2017,"{""type"":""MultiPoint"",""coordinates"":[]}"
1_00000000000000000025,342.0,412.0,710.0,839.0,1361.0,2466.0,2794.0,2450.0,3294.0,2726.0,1707.0,3041.0,,,8,Brazil,wheat,2017-03-16,3,96,aa96f884-0486-4db1-b7d9-e298e02b125f,23,4.514166831970215,14,2017,"{""type"":""MultiPoint"",""coordinates"":[]}"
1_00000000000000000026,338.0,426.0,788.0,720.0,1355.0,2734.0,3100.0,3020.0,3431.0,2952.0,1738.0,3451.0,,,7,Brazil,wheat,2017-03-16,3,96,b6755663-041f-4832-a400-bfbd266d68a8,24,4.144999980926514,14,2017,"{""type"":""MultiPoint"",""coordinates"":[]}"
1_00000000000000000027,341.0,405.0,732.0,752.0,1357.0,2412.0,2750.0,2486.0,3290.0,2789.0,1722.0,3031.0,,,8,Brazil,wheat,2017-03-16,3,96,50edbb2a-05f3-4978-a9fe-058c7230b6cc,24,3.001333236694336,14,2017,"{""type"":""MultiPoint"",""coordinates"":[]}"
1_00000000000000000028,343.0,403.0,729.0,803.0,1334.0,2277.0,2639.0,2300.0,3149.0,2641.0,1666.0,2860.0,,,9,Brazil,wheat,2017-03-16,3,96,6e775e7e-a721-4d64-8c1f-9ec1638b1a4a,24,4.513000011444092,14,2017,"{""type"":""MultiPoint"",""coordinates"":[]}"
1_00000000000000000029,339.0,397.0,766.0,704.0,1335.0,2461.0,2755.0,2828.0,3285.0,2814.0,1703.0,3119.0,,,8,Brazil,wheat,2017-03-16,3,96,75189670-e1a7-4452-839f-29e4f5a93e08,25,5.26800012588501,14,2017,"{""type"":""MultiPoint"",""coordinates"":[]}"
1_0000000000000000002a,341.0,381.0,733.0,756.0,1287.0,2246.0,2514.0,2352.0,3146.0,2644.0,1630.0,2861.0,,,9,Brazil,wheat,2017-03-16,3,96,cfd13cc7-0d40-4469-9a50-460ff6e1337c,25,3.8353846073150635,14,2017,"{""type"":""MultiPoint"",""coordinates"":[]}"
1_0000000000000000002b,342.0,371.0,655.0,726.0,1237.0,2184.0,2452.0,2120.0,3008.0,2529.0,1565.0,2813.0,,,10,Brazil,wheat,2017-03-16,3,96,5128cb21-64e9-4022-99c4-72c68cc72910,25,4.733636379241943,14,2017,"{""type"":""MultiPoint"",""coordinates"":[]}"
1_0000000000000000002c,342.0,328.0,615.0,592.0,1222.0,2272.0,2553.0,2320.0,2914.0,2433.0,1503.0,2914.0,,,11,Brazil,wheat,2017-03-16,3,96,94ca38fe-cdd6-43a6-ab44-eb8fd7b706ed,25,2.680000066757202,14,2017,"{""type"":""MultiPoint"",""coordinates"":[]}"
1_0000000000000000002d,338.0,408.0,797.0,693.0,1319.0,2545.0,2842.0,3138.0,3281.0,2821.0,1681.0,3223.0,,,8,Brazil,wheat,2017-03-16,3,96,643dca8d-2423-4735-9e98-64ad9a88721e,26,5.619999885559082,14,2017,"{""type"":""MultiPoint"",""coordinates"":[]}"
1_0000000000000000002e,339.0,369.0,731.0,705.0,1267.0,2275.0,2527.0,2492.0,3144.0,2661.0,1615.0,2909.0,,,9,Brazil,wheat,2017-03-16,3,96,4044e1b0-0f39-4a82-83ef-0eddc6cad485,26,4.642000198364258,14,2017,"{""type"":""MultiPoint"",""coordinates"":[]}"
1_0000000000000000002f,339.0,385.0,724.0,818.0,1229.0,2090.0,2317.0,2134.0,3008.0,2563.0,1578.0,2728.0,,,10,Brazil,wheat,2017-03-16,3,96,c4a9f8fc-3fb4-45b1-bd5a-decafecf146b,26,3.346874952316284,14,2017,"{""type"":""MultiPoint"",""coordinates"":[]}"
1_00000000000000000030,339.0,352.0,709.0,814.0,1228.0,2112.0,2340.0,2106.0,2919.0,2500.0,1555.0,2764.0,,,11,Brazil,wheat,2017-03-16,3,96,46f3ef3e-844f-4230-a9d9-ed9cc481ae24,26,4.395999908447266,14,2017,"{""type"":""MultiPoint"",""coordinates"":[]}"
1_00000000000000000031,339.0,407.0,739.0,812.0,1264.0,2339.0,2596.0,2408.0,2878.0,2472.0,1545.0,3017.0,,,12,Brazil,wheat,2017-03-16,3,96,b8073ce9-f73b-41eb-939a-f9577bd02eae,26,4.604705810546875,14,2017,"{""type"":""MultiPoint"",""coordinates"":[]}"
2_00000000000000000000,644.0,788.0,941.0,1224.0,1427.0,1671.0,1851.0,1976.0,2188.0,3496.0,2864.0,2125.0,,,62,Argentina,corn,2016-09-19,39,557,875ad00e-dea6-4c80-ac45-d79dd2cc2fb9,0,5.760000228881836,8,2017,"{""type"":""MultiPoint"",""coordinates"":[]}"
2_00000000000000000001,642.0,778.0,966.0,1230.0,1436.0,1792.0,1966.0,2018.0,2233.0,3445.0,2766.0,2243.0,,,61,Argentina,corn,2016-09-19,39,557,4084ba43-e315-4477-9409-df8816c979f3,1,7.360000133514404,8,2017,"{""type"":""MultiPoint"",""coordinates"":[]}"
2_00000000000000000002,651.0,749.0,936.0,1200.0,1405.0,1619.0,1782.0,1890.0,2164.0,3484.0,2877.0,2056.0,,,62,Argentina,corn,2016-09-19,39,557,2d0fd1b9-6f7e-4a22-ab64-eff3f345f427,1,11.619999885559082,8,2017,"{""type"":""MultiPoint"",""coordinates"":[]}"
2_00000000000000000003,663.0,713.0,917.0,1162.0,1397.0,1538.0,1694.0,1800.0,2131.0,3493.0,2918.0,1961.0,,,63,Argentina,corn,2016-09-19,39,557,b86f270d-3be7-46ed-b85b-8385fbdbba3e,1,12.180000305175781,8,2017,"{""type"":""MultiPoint"",""coordinates"":[]}"
2_00000000000000000004,678.0,771.0,921.0,1202.0,1410.0,1549.0,1700.0,1782.0,2136.0,3472.0,2888.0,1957.0,,,64,Argentina,corn,2016-09-19,39,557,96583946-ca16-4466-be2b-0d7244e8530e,1,12.029999732971191,8,2017,"{""type"":""MultiPoint"",""coordinates"":[]}"
2_00000000000000000005,693.0,792.0,943.0,1262.0,1444.0,1589.0,1735.0,1898.0,2140.0,3457.0,2850.0,1994.0,,,65,Argentina,corn,2016-09-19,39,557,4da0ba64-d491-4538-8ad8-c4f8a7de0a98,1,7.804999828338623,8,2017,"{""type"":""MultiPoint"",""coordinates"":[]}"
2_00000000000000000006,644.0,692.0,917.0,1184.0,1404.0,1747.0,1909.0,1960.0,2253.0,3399.0,2755.0,2193.0,,,60,Argentina,corn,2016-09-19,39,557,b3f7568a-f390-42d2-84cf-e2f0f6fc01c0,2,8.609999656677246,8,2017,"{""type"":""MultiPoint"",""coordinates"":[]}"
2_00000000000000000007,655.0,698.0,890.0,1184.0,1376.0,1579.0,1729.0,1840.0,2185.0,3437.0,2853.0,1996.0,,,61,Argentina,corn,2016-09-19,39,557,efebf915-4506-4844-9295-206af372e7ff,2,10.420000076293945,8,2017,"{""type"":""MultiPoint"",""coordinates"":[]}"
2_00000000000000000008,666.0,725.0,904.0,1162.0,1362.0,1516.0,1645.0,1810.0,2116.0,3461.0,2904.0,1917.0,,,62,Argentina,corn,2016-09-19,39,557,36f861f3-c5dc-4961-956d-ede9a11ecbeb,2,11.59000015258789,8,2017,"{""type"":""MultiPoint"",""coordinates"":[]}"
2_00000000000000000009,677.0,739.0,936.0,1180.0,1364.0,1491.0,1612.0,1746.0,2085.0,3468.0,2914.0,1878.0,,,63,Argentina,corn,2016-09-19,39,557,df7b6985-9265-47ab-a4cd-f23f5f6c7011,2,11.863333702087402,8,2017,"{""type"":""MultiPoint"",""coordinates"":[]}"
2_0000000000000000000a,690.0,789.0,961.0,1190.0,1381.0,1506.0,1628.0,1752.0,2090.0,3459.0,2883.0,1880.0,,,64,Argentina,corn,2016-09-19,39,557,956b4610-66a7-452b-8a0f-cd02521b23bb,2,9.420000076293945,8,2017,"{""type"":""MultiPoint"",""coordinates"":[]}"
2_0000000000000000000b,702.0,814.0,982.0,1206.0,1409.0,1542.0,1666.0,1766.0,2096.0,3452.0,2850.0,1911.0,,,65,Argentina,corn,2016-09-19,39,557,204da5a9-793e-4f66-92f2-877114ae92a9,2,8.680000305175781,8,2017,"{""type"":""MultiPoint"",""coordinates"":[]}"
2_0000000000000000000c,714.0,754.0,987.0,1218.0,1447.0,1600.0,1726.0,1886.0,2101.0,3447.0,2813.0,1971.0,,,66,Argentina,corn,2016-09-19,39,557,2670b19a-9ec6-41b0-85af-7d50f7ecc7fc,2,8.050000190734863,8,2017,"{""type"":""MultiPoint"",""coordinates"":[]}"
2_0000000000000000000d,645.0,654.0,869.0,1078.0,1405.0,1794.0,1933.0,1826.0,2271.0,3404.0,2738.0,2244.0,,,59,Argentina,corn,2016-09-19,39,557,4e9bfb3e-15d6-404b-be17-454978d60411,3,10.989999771118164,8,2017,"{""type"":""MultiPoint"",""coordinates"":[]}"
2_0000000000000000000e,657.0,668.0,850.0,1122.0,1367.0,1580.0,1724.0,1776.0,2204.0,3424.0,2839.0,2003.0,,,60,Argentina,corn,2016-09-19,39,557,12aaee77-5f2c-47b6-b69b-995dce205bd7,3,12.130000114440918,8,2017,"{""type"":""MultiPoint"",""coordinates"":[]}"
2_0000000000000000000f,669.0,684.0,844.0,1102.0,1348.0,1472.0,1608.0,1732.0,2136.0,3442.0,2897.0,1873.0,,,61,Argentina,corn,2016-09-19,39,557,6ac6bb9b-e5cb-4691-bc4a-fdd458435d2b,3,12.869999885559082,8,2017,"{""type"":""MultiPoint"",""coordinates"":[]}"
2_00000000000000000010,681.0,705.0,881.0,1112.0,1349.0,1471.0,1586.0,1732.0,2069.0,3457.0,2913.0,1855.0,,,62,Argentina,corn,2016-09-19,39,557,2b198451-e832-4379-a080-3e8356dc3622,3,11.979999542236328,8,2017,"{""type"":""MultiPoint"",""coordinates"":[]}"
2_00000000000000000011,486.0,612.0,937.0,1090.0,1505.0,2579.0,3016.0,3062.0,3454.0,3075.0,2403.0,3284.0,,,10,Argentina,soybean,2021-10-28,7,52,a17f1871-f92a-4d6a-802f-beea10fb495f,1,1.4466667175292969,9,2022,"{""type"":""MultiPoint"",""coordinates"":[]}"
2_00000000000000000012,502.0,432.0,688.0,755.0,1541.0,2406.0,2788.0,3090.0,3277.0,3110.0,2452.0,3054.0,,,11,Argentina,soybean,2021-10-28,7,52,1de3e3fb-f993-403d-95b7-8d7c496b06ee,1,1.2825000286102295,9,2022,"{""type"":""MultiPoint"",""coordinates"":[]}"
2_00000000000000000013,485.0,730.0,1036.0,1290.0,1510.0,2480.0,2892.0,2750.0,3479.0,3116.0,2497.0,3175.0,,,10,Argentina,soybean,2021-10-28,7,52,0b31d050-8ff3-49cf-b6c5-f01f214f808b,2,0.7016666531562805,9,2022,"{""type"":""MultiPoint"",""coordinates"":[]}"
2_00000000000000000014,510.0,753.0,1042.0,1376.0,1597.0,2266.0,2600.0,2502.0,3259.0,3234.0,2653.0,2881.0,,,11,Argentina,soybean,2021-10-28,7,52,5c144232-1283-4872-97b5-ad9f40507b4c,2,1.8833333253860474,9,2022,"{""type"":""MultiPoint"",""coordinates"":[]}"
2_00000000000000000015,534.0,725.0,954.0,1250.0,1554.0,2195.0,2509.0,2518.0,3039.0,3229.0,2617.0,2773.0,,,12,Argentina,soybean,2021-10-28,7,52,c52aefc7-9a1d-48de-a51c-bc93ae61c8f5,2,0.6507142782211304,9,2022,"{""type"":""MultiPoint"",""coordinates"":[]}"
2_00000000000000000016,544.0,648.0,888.0,1140.0,1523.0,2161.0,2476.0,2548.0,2924.0,3199.0,2552.0,2728.0,,,13,Argentina,soybean,2021-10-28,7,52,b8c668f8-4327-4818-acbc-d82e8376f34d,2,3.119999885559082,9,2022,"{""type"":""MultiPoint"",""coordinates"":[]}"
2_00000000000000000017,485.0,832.0,1090.0,1454.0,1600.0,2334.0,2697.0,2644.0,3505.0,3336.0,2798.0,3009.0,,,10,Argentina,soybean,2021-10-28,7,52,9b01b7c0-7753-4022-b3d5-fe9522b96850,3,3.4700000286102295,9,2022,"{""type"":""MultiPoint"",""coordinates"":[]}"
2_00000000000000000018,517.0,899.0,1114.0,1542.0,1715.0,2112.0,2380.0,2380.0,3242.0,3542.0,3064.0,2701.0,,,11,Argentina,soybean,2021-10-28,7,52,fb0be521-997c-47c5-8ce7-e8a16514f35f,3,1.5,9,2022,"{""type"":""MultiPoint"",""coordinates"":[]}"
2_00000000000000000019,550.0,900.0,1114.0,1528.0,1694.0,2059.0,2311.0,2352.0,2979.0,3568.0,3046.0,2603.0,,,12,Argentina,soybean,2021-10-28,7,52,d596a565-4cc5-472d-af47-8413a4842cb4,3,2.0466666221618652,9,2022,"{""type"":""MultiPoint"",""coordinates"":[]}"
2_0000000000000000001a,565.0,915.0,1126.0,1520.0,1677.0,2038.0,2284.0,2362.0,2842.0,3552.0,2986.0,2559.0,,,13,Argentina,soybean,2021-10-28,7,52,9bb77aff-3483-4c3f-8905-e50e6ed6132b,3,3.0,9,2022,"{""type"":""MultiPoint"",""coordinates"":[]}"
2_0000000000000000001b,564.0,887.0,1098.0,1438.0,1661.0,2050.0,2299.0,2304.0,2832.0,3493.0,2884.0,2569.0,,,14,Argentina,soybean,2021-10-28,7,52,2a2d2c99-6450-4db3-913a-1c70bc225383,3,3.2755556106567383,9,2022,"{""type"":""MultiPoint"",""coordinates"":[]}"
2_0000000000000000001c,562.0,894.0,1070.0,1430.0,1637.0,2057.0,2321.0,2320.0,2821.0,3424.0,2782.0,2585.0,,,15,Argentina,soybean,2021-10-28,7,52,8593605d-0e28-48be-89ba-3eb263866c74,3,3.01285719871521,9,2022,"{""type"":""MultiPoint"",""coordinates"":[]}"
2_0000000000000000001d,560.0,777.0,1021.0,1324.0,1604.0,2061.0,2351.0,2314.0,2811.0,3345.0,2680.0,2607.0,,,16,Argentina,soybean,2021-10-28,7,52,ab1221c2-aa0c-42d3-9023-0a021a940d26,3,2.8440001010894775,9,2022,"{""type"":""MultiPoint"",""coordinates"":[]}"
2_0000000000000000001e,558.0,688.0,962.0,1214.0,1564.0,2084.0,2392.0,2442.0,2801.0,3253.0,2578.0,2644.0,,,17,Argentina,soybean,2021-10-28,7,52,53e2e0ca-d125-4e22-bf41-61d15fb8627a,3,2.259999990463257,9,2022,"{""type"":""MultiPoint"",""coordinates"":[]}"
2_0000000000000000001f,557.0,614.0,861.0,1070.0,1516.0,2128.0,2446.0,2574.0,2790.0,3147.0,2478.0,2696.0,,,18,Argentina,soybean,2021-10-28,7,52,c9e3e8bc-6bf3-4fae-bc6f-459515a5fd09,3,2.1019999980926514,9,2022,"{""type"":""MultiPoint"",""coordinates"":[]}"
2_00000000000000000020,550.0,513.0,772.0,910.0,1479.0,2154.0,2490.0,2768.0,2795.0,3072.0,2405.0,2738.0,,,19,Argentina,soybean,2021-10-28,7,52,5db787ad-0dfe-4e90-a2f8-c8f047eb3791,3,0.675000011920929,9,2022,"{""type"":""MultiPoint"",""coordinates"":[]}"
2_00000000000000000021,496.0,887.0,1158.0,1522.0,1672.0,2237.0,2557.0,2568.0,3482.0,3519.0,2998.0,2882.0,,,10,Argentina,soybean,2021-10-28,7,52,59a20210-d011-40e7-b524-3f2a162793b7,4,3.5737500190734863,9,2022,"{""type"":""MultiPoint"",""coordinates"":[]}"
2_00000000000000000022,200.0,314.0,528.0,559.0,1042.0,2109.0,2433.0,2236.0,2414.0,2261.0,1387.0,2723.0,,,19,Argentina,wheat,2021-04-19,38,468,2800d910-8351-4394-936c-18ec7e0f8eb0,1,1.5994117259979248,15,2021,"{""type"":""MultiPoint"",""coordinates"":[]}"
2_00000000000000000023,197.0,327.0,586.0,618.0,1065.0,2008.0,2332.0,2294.0,2432.0,2285.0,1418.0,2630.0,,,20,Argentina,wheat,2021-04-19,38,468,fb43af32-f316-4fe9-a7bf-7a2b5206af33,1,2.401249885559082,15,2021,"{""type"":""MultiPoint"",""coordinates"":[]}"
2_00000000000000000024,203.0,303.0,584.0,546.0,987.0,2128.0,2413.0,2828.0,2396.0,2174.0,1347.0,2677.0,,,18,Argentina,wheat,2021-04-19,38,468,9733d7a7-cead-4468-840d-3f4012fcc9cd,2,2.8524999618530273,15,2021,"{""type"":""MultiPoint"",""coordinates"":[]}"
2_00000000000000000025,200.0,373.0,608.0,652.0,1085.0,1984.0,2258.0,2236.0,2414.0,2284.0,1459.0,2543.0,,,19,Argentina,wheat,2021-04-19,38,468,66c0bea8-63e9-4e18-ac99-70617bdeeafc,2,1.295555591583252,15,2021,"{""type"":""MultiPoint"",""coordinates"":[]}"
2_00000000000000000026,197.0,379.0,695.0,799.0,1130.0,1865.0,2139.0,2040.0,2432.0,2321.0,1496.0,2443.0,,,20,Argentina,wheat,2021-04-19,38,468,2f1f43d2-49eb-4927-8e8d-c72582cc3f0a,2,1.8259999752044678,15,2021,"{""type"":""MultiPoint"",""coordinates"":[]}"
2_00000000000000000027,194.0,412.0,659.0,760.0,1121.0,1773.0,2057.0,1970.0,2449.0,2283.0,1459.0,2377.0,,,21,Argentina,wheat,2021-04-19,38,468,ea518cf5-dcea-4223-b9a2-b524de5eb8ab,2,2.765000104904175,15,2021,"{""type"":""MultiPoint"",""coordinates"":[]}"
2_00000000000000000028,190.0,346.0,593.0,631.0,1089.0,1754.0,2049.0,1924.0,2464.0,2203.0,1376.0,2366.0,,,22,Argentina,wheat,2021-04-19,38,468,fddbf639-c792-4df6-a386-0e68a958adeb,2,1.3445454835891724,15,2021,"{""type"":""MultiPoint"",""coordinates"":[]}"
2_00000000000000000029,185.0,234.0,517.0,516.0,1035.0,1807.0,2114.0,1866.0,2475.0,2080.0,1246.0,2411.0,,,23,Argentina,wheat,2021-04-19,38,468,d6763e29-1e8e-48f4-a2a2-4ae8cb7804ea,2,2.6459999084472656,15,2021,"{""type"":""MultiPoint"",""coordinates"":[]}"
2_0000000000000000002a,180.0,202.0,466.0,442.0,1012.0,1860.0,2174.0,1968.0,2486.0,2018.0,1184.0,2467.0,,,24,Argentina,wheat,2021-04-19,38,468,1aaf447f-1789-47d3-b83e-3851ca3b1e36,2,2.115000009536743,15,2021,"{""type"":""MultiPoint"",""coordinates"":[]}"
2_0000000000000000002b,176.0,234.0,525.0,500.0,1019.0,1912.0,2228.0,2266.0,2497.0,2015.0,1190.0,2533.0,,,25,Argentina,wheat,2021-04-19,38,468,423fe999-5097-49e0-8977-7c2016613932,2,2.56333327293396,15,2021,"{""type"":""MultiPoint"",""coordinates"":[]}"
2_0000000000000000002c,204.0,278.0,545.0,539.0,1003.0,2002.0,2251.0,2432.0,2364.0,2198.0,1409.0,2513.0,,,18,Argentina,wheat,2021-04-19,38,468,946fe8fd-ab6f-4240-a86a-e2dc270ca6e4,3,2.9800000190734863,15,2021,"{""type"":""MultiPoint"",""coordinates"":[]}"
2_0000000000000000002d,201.0,341.0,593.0,685.0,1113.0,1865.0,2108.0,2108.0,2385.0,2298.0,1508.0,2394.0,,,19,Argentina,wheat,2021-04-19,38,468,9f1236e4-d32a-46df-9bd9-95df56d9ca4a,3,2.344285726547241,15,2021,"{""type"":""MultiPoint"",""coordinates"":[]}"
2_0000000000000000002e,198.0,342.0,636.0,755.0,1165.0,1752.0,1990.0,2062.0,2405.0,2333.0,1540.0,2298.0,,,20,Argentina,wheat,2021-04-19,38,468,95896171-0284-462c-aaf3-ce87c3288025,3,1.9919999837875366,15,2021,"{""type"":""MultiPoint"",""coordinates"":[]}"
2_0000000000000000002f,194.0,385.0,653.0,741.0,1160.0,1663.0,1898.0,2062.0,2426.0,2301.0,1506.0,2224.0,,,21,Argentina,wheat,2021-04-19,38,468,7ec17b55-7175-4049-8373-75c4cd156b05,3,3.5899999141693115,15,2021,"{""type"":""MultiPoint"",""coordinates"":[]}"
2_00000000000000000030,191.0,342.0,637.0,727.0,1140.0,1650.0,1891.0,2046.0,2441.0,2228.0,1428.0,2213.0,,,22,Argentina,wheat,2021-04-19,38,468,c7ce1bb2-5611-4209-8b47-26380f725889,3,3.8340001106262207,15,2021,"{""type"":""MultiPoint"",""coordinates"":[]}"
2_00000000000000000031,186.0,294.0,623.0,686.0,1105.0,1714.0,1971.0,2026.0,2452.0,2112.0,1306.0,2266.0,,,23,Argentina,wheat,2021-04-19,38,468,c31aa099-f045-4d64-944f-9b1d71240222,3,3.444000005722046,15,2021,"{""type"":""MultiPoint"",""coordinates"":[]}"
